[{
  "id": 1,
  "name": "Cute-Puppy-Call-inator",
  "description": "After being inspired by how the stars of Duck Dynasty made their fortune, Doofenshmirtz invents the Cute-Puppy-Call-inator. ",
  "image": "http://vignette1.wikia.nocookie.net/phineasandferb/images/2/2e/Cute-Puppy-Call-inator.jpg/revision/latest?cb=20130823174259"
}, {
  "id": 2,
  "name": "Bake-Sale-Obliterationator",
  "description": "Gets rid of bake sales.",
  "image": "http://vignette4.wikia.nocookie.net/phineasandferb/images/c/c8/Bake_Sale_Obliterationator.jpg/revision/latest?cb=20131220205934"
}, {
  "id": 3,
  "name": "Planinator",
  "description": "One of my lesser known inventions but still highly succesful.",
  "image": "http://i.imgur.com/dxofmex.png"
}]