[{
    "id": 1,
    "name": "Junior Applications Developer",
    "desc": "Responsible for making commmunications software that enables my creations to interact",
    "qual": "Been hearing alot about mobile these days so you should probably be good with that stuff. It'd be cool if I could use my celluar to activate my new creations."
  }, {
    "id": 2,
    "name": "QA Engineer",
    "desc": "Responsible for the succes and/or failure of projects",
    "qual": "Must be able to handle constructive criticism and be comfortable with acting as the occasional scape goat"
  }, {
    "id": 3,
    "name": "Project Manager",
    "desc": "see qualifications",
    "qual": "I'm more a numbers kind of guy. I need someone who can oversee the genral operations of my projects i.e. ordering parts, working with the development team, documenting all my last minute changes, ect."
  }, {
    "id": 1,
    "name": "Security Officer",
    "desc": "Responsible for safety of employees and patrons",
    "qual": "Must be able to read a situation and know when I do or do not want the platipus stopped."
  }

]